id,title,artist,genre,mood,energy,tempo_bpm,valence,danceability,acousticness,description,tags,contexts,instruments,instrumental,explicit,era
1,Sunrise City,Neon Echo,pop,happy,0.82,118,0.84,0.79,0.18,Sunrise City by Neon Echo is a happy pop track with a polished hook-forward arrangement and a bright singalong chorus. Synthesizer and electric guitar shape a sound designed for morning motivation.,pop|happy|catchy hooks|polished vocals|bright chorus,morning motivation|singalong drives|friendly gatherings,synthesizer|electric guitar|live drums|layered vocals,false,false,2010s
2,Midnight Coding,LoRoom,lofi,chill,0.42,78,0.56,0.62,0.71,Midnight Coding by LoRoom is a chill lofi track with dust-softened beats and an intimate loop that stays out of the listener's way. Electric piano and muted drums shape a sound designed for deep study.,lofi|chill|dusty beats|vinyl texture|soft focus,deep study|quiet reading|late-night coding,electric piano|muted drums|vinyl crackle|warm bass,true,false,2010s
3,Storm Runner,Voltline,rock,intense,0.91,152,0.48,0.66,0.10,Storm Runner by Voltline is an intense rock track with cranked guitar riffs and a live-room rhythm section built for release. Distorted guitar and bass guitar shape a sound designed for hard workouts.,rock|intense|guitar riffs|live drums|anthemic chorus,hard workouts|road trips|game-day energy,distorted guitar|bass guitar|acoustic drums|lead vocals,false,false,1990s
4,Library Rain,Paper Lanterns,lofi,chill,0.35,72,0.60,0.58,0.86,Library Rain by Paper Lanterns is a chill lofi track with dust-softened beats and an intimate loop that stays out of the listener's way. Electric piano and muted drums shape a sound designed for quiet reading.,lofi|chill|dusty beats|vinyl texture|soft focus,quiet reading|late-night coding|gentle unwinding,electric piano|muted drums|vinyl crackle|warm bass,true,false,2020s
5,Gym Hero,Max Pulse,pop,intense,0.93,132,0.77,0.88,0.05,Gym Hero by Max Pulse is an intense pop track with a polished hook-forward arrangement and a bright singalong chorus. Synthesizer and electric guitar shape a sound designed for singalong drives.,pop|intense|catchy hooks|polished vocals|bright chorus,singalong drives|friendly gatherings|weekend errands,synthesizer|electric guitar|live drums|layered vocals,false,false,2020s
6,Spacewalk Thoughts,Orbit Bloom,ambient,chill,0.28,60,0.65,0.41,0.92,Spacewalk Thoughts by Orbit Bloom is a chill ambient track with slow-evolving harmonies and open space that encourage patient listening. Synth pads and field recordings shape a sound designed for meditation.,ambient|chill|slow evolving|spacious texture|meditative,meditation|sleep preparation|quiet reflection,synth pads|field recordings|processed piano|soft drones,true,false,2000s
7,Coffee Shop Stories,Slow Stereo,jazz,relaxed,0.37,90,0.71,0.54,0.89,Coffee Shop Stories by Slow Stereo is a relaxed jazz track with conversational improvisation and an acoustic pocket with room to breathe. Upright bass and piano shape a sound designed for dinner ambience.,jazz|relaxed|improvisation|swing feel|acoustic ensemble,dinner ambience|coffeehouse work|evening conversation,upright bass|piano|brushed drums|tenor saxophone,true,false,1950s
8,Night Drive Loop,Neon Echo,synthwave,moody,0.75,110,0.49,0.73,0.22,Night Drive Loop by Neon Echo is a moody synthwave track with retro-futurist synthesizers and a cinematic pulse beneath glowing melodies. Analog synthesizer and drum machine shape a sound designed for night driving.,synthwave|moody|retro synths|night drive|cinematic pulse,night driving|retro gaming|creative sprints,analog synthesizer|drum machine|sequenced bass|electric guitar,false,false,1980s
9,Focus Flow,LoRoom,lofi,focused,0.40,80,0.59,0.60,0.78,Focus Flow by LoRoom is a focused lofi track with dust-softened beats and an intimate loop that stays out of the listener's way. Electric piano and muted drums shape a sound designed for late-night coding.,lofi|focused|dusty beats|vinyl texture|soft focus,late-night coding|gentle unwinding|deep study,electric piano|muted drums|vinyl crackle|warm bass,true,false,2010s
10,Rooftop Lights,Indigo Parade,indie pop,happy,0.76,124,0.81,0.82,0.35,Rooftop Lights by Indigo Parade is a happy indie pop track with handmade pop detail and a diary-like melody with an off-center charm. Clean guitar and synthesizer shape a sound designed for sunny walks.,indie pop|happy|jangly guitars|diary-like lyrics|handmade pop,sunny walks|creative breaks|casual hangs,clean guitar|synthesizer|hand percussion|soft vocals,false,false,2000s
11,Concrete Kings,Block Cipher,hip hop,energetic,0.80,96,0.63,0.86,0.09,Concrete Kings by Block Cipher is an energetic hip hop track with punchy drums and a clear rhythmic pocket supporting tightly framed verses. Drum sampler and sub bass shape a sound designed for confidence boosts.,hip hop|energetic|boom bap drums|lyrical flow|bass-heavy,confidence boosts|urban commutes|focused training,drum sampler|sub bass|chopped keys|turntable textures,false,false,1990s
12,Winter Adagio,The Hollow Strings,classical,melancholy,0.28,64,0.25,0.16,0.96,Winter Adagio by The Hollow Strings is a melancholy classical track with carefully shaped acoustic dynamics and a patient melodic arc. Grand piano and violin shape a sound designed for focused reading.,classical|melancholy|orchestral|dynamic movement|acoustic detail,focused reading|quiet mornings|formal dinners,grand piano|violin|cello|viola,true,false,1990s
13,Island Mailbox,Palm & Tide,reggae,uplifting,0.62,98,0.82,0.78,0.34,Island Mailbox by Palm & Tide is an uplifting reggae track with a buoyant offbeat groove and warm low end that leave plenty of sunlight. Skank guitar and electric bass shape a sound designed for beach afternoons.,reggae|uplifting|offbeat guitar|dub warmth|sunlit groove,beach afternoons|backyard gatherings|slow weekends,skank guitar|electric bass|organ|hand percussion,false,false,1970s
14,Iron Verdict,Ashfall Method,metal,aggressive,0.97,160,0.30,0.42,0.03,Iron Verdict by Ashfall Method is an aggressive metal track with dense down-tuned riffs and precision percussion aimed at controlled intensity. Down-tuned guitar and double-kick drums shape a sound designed for maximum-effort training.,metal|aggressive|heavy riffs|double kick|dramatic intensity,maximum-effort training|cathartic release|high-intensity gaming,down-tuned guitar|double-kick drums|distorted bass|harsh vocals,false,false,1990s
15,Dust Road Home,Marigold County,country,nostalgic,0.48,92,0.55,0.52,0.68,Dust Road Home by Marigold County is a nostalgic country track with plainspoken storytelling and an open-road acoustic arrangement. Acoustic guitar and pedal steel shape a sound designed for scenic drives.,country|nostalgic|storytelling|acoustic twang|open-road warmth,scenic drives|porch evenings|family cookouts,acoustic guitar|pedal steel|fiddle|brush drums,false,false,1970s
16,Neon Cathedral,Pulsewidth,edm,euphoric,0.95,128,0.79,0.90,0.02,Neon Cathedral by Pulsewidth is an euphoric edm track with a tension-building electronic arrangement that opens into a bright festival-sized drop. Software synthesizer and drum machine shape a sound designed for dance workouts.,edm|euphoric|festival build|four-on-the-floor|synth drop,dance workouts|party peaks|festival energy,software synthesizer|drum machine|sub bass|vocal chops,false,false,2010s
17,Rainwater Blues,Delta Marrow,blues,somber,0.40,76,0.32,0.45,0.72,Rainwater Blues by Delta Marrow is a somber blues track with weathered vocals and expressive guitar phrases grounded in an unhurried shuffle. Electric guitar and harmonica shape a sound designed for late-night reflection.,blues|somber|twelve-bar feel|expressive guitar|weathered vocals,late-night reflection|slow drives|focused listening,electric guitar|harmonica|upright piano|shuffle drums,false,false,1950s
18,Paper Compass,Wander & Wren,folk,hopeful,0.44,104,0.66,0.40,0.88,Paper Compass by Wander & Wren is a hopeful folk track with close-miked acoustic storytelling with natural textures and patient harmonies. Fingerpicked guitar and mandolin shape a sound designed for quiet road trips.,folk|hopeful|acoustic storytelling|close harmony|woodland warmth,quiet road trips|campfire evenings|journaling,fingerpicked guitar|mandolin|upright bass|close harmonies,false,false,1960s
19,Velvet Hours,Sable Rose,r&b,romantic,0.52,70,0.68,0.66,0.40,Velvet Hours by Sable Rose is a romantic r&b track with silky vocal layers and spacious harmony riding a patient pocket. Electric piano and sub bass shape a sound designed for date-night ambience.,r&b|romantic|silky vocals|slow groove|warm harmony,date-night ambience|late-night unwinding|quiet connection,electric piano|sub bass|finger snaps|layered vocals,false,false,1990s
20,Sidewalk Strut,The Groove Committee,funk,playful,0.78,112,0.85,0.89,0.12,Sidewalk Strut by The Groove Committee is a playful funk track with a rubbery bass pocket and clipped rhythm guitar accented by bright brass. Slap bass and rhythm guitar shape a sound designed for dance breaks.,funk|playful|syncopated bass|brass punches|dance-floor pocket,dance breaks|party arrivals|cooking with friends,slap bass|rhythm guitar|horn section|tight drums,false,false,1970s
21,Open Window,The Daylights,pop,happy,0.72,114,0.86,0.82,0.08,Open Window by The Daylights is a happy pop track with a polished hook-forward arrangement and a bright singalong chorus. Synthesizer and electric guitar shape a sound designed for friendly gatherings.,pop|happy|catchy hooks|polished vocals|bright chorus,friendly gatherings|weekend errands|morning motivation,synthesizer|electric guitar|live drums|layered vocals,false,false,2010s
22,Polaroid Summer,Violet Transit,pop,playful,0.76,118,0.90,0.78,0.12,Polaroid Summer by Violet Transit is a playful pop track with a polished hook-forward arrangement and a bright singalong chorus. Synthesizer and electric guitar shape a sound designed for weekend errands.,pop|playful|catchy hooks|polished vocals|bright chorus,weekend errands|morning motivation|singalong drives,synthesizer|electric guitar|live drums|layered vocals,false,false,2020s
23,Better in Color,Cass Nova,pop,energetic,0.80,122,0.72,0.64,0.16,Better in Color by Cass Nova is an energetic pop track with a polished hook-forward arrangement and a bright singalong chorus. Synthesizer and electric guitar shape a sound designed for morning motivation.,pop|energetic|catchy hooks|polished vocals|bright chorus,morning motivation|singalong drives|friendly gatherings,synthesizer|electric guitar|live drums|layered vocals,false,false,2010s
24,Satellite Smile,June Arcade,pop,uplifting,0.84,126,0.84,0.68,0.20,Satellite Smile by June Arcade is an uplifting pop track with a polished hook-forward arrangement and a bright singalong chorus. Synthesizer and electric guitar shape a sound designed for singalong drives.,pop|uplifting|catchy hooks|polished vocals|bright chorus,singalong drives|friendly gatherings|weekend errands,synthesizer|electric guitar|live drums|layered vocals,false,false,2020s
25,Afterglow Avenue,Mira Bloom,pop,romantic,0.88,130,0.80,0.72,0.24,Afterglow Avenue by Mira Bloom is a romantic pop track with a polished hook-forward arrangement and a bright singalong chorus. Synthesizer and electric guitar shape a sound designed for friendly gatherings.,pop|romantic|catchy hooks|polished vocals|bright chorus,friendly gatherings|weekend errands|morning motivation,synthesizer|electric guitar|live drums|layered vocals,false,false,2010s
26,Good News Parade,The Daylights,pop,playful,0.70,112,0.66,0.76,0.28,Good News Parade by The Daylights is a playful pop track with a polished hook-forward arrangement and a bright singalong chorus. Synthesizer and electric guitar shape a sound designed for weekend errands.,pop|playful|catchy hooks|polished vocals|bright chorus,weekend errands|morning motivation|singalong drives,synthesizer|electric guitar|live drums|layered vocals,false,false,2020s
27,Weekend Gravity,Violet Transit,pop,hopeful,0.82,124,0.70,0.80,0.32,Weekend Gravity by Violet Transit is a hopeful pop track with a polished hook-forward arrangement and a bright singalong chorus. Synthesizer and electric guitar shape a sound designed for morning motivation.,pop|hopeful|catchy hooks|polished vocals|bright chorus,morning motivation|singalong drives|friendly gatherings,synthesizer|electric guitar|live drums|layered vocals,false,false,2010s
28,Brighter Than Before,Cass Nova,pop,euphoric,0.78,120,0.74,0.84,0.14,Brighter Than Before by Cass Nova is an euphoric pop track with a polished hook-forward arrangement and a bright singalong chorus. Synthesizer and electric guitar shape a sound designed for singalong drives.,pop|euphoric|catchy hooks|polished vocals|bright chorus,singalong drives|friendly gatherings|weekend errands,synthesizer|electric guitar|live drums|layered vocals,false,false,2020s
29,Margin Doodles,Small Hours Club,lofi,moody,0.36,76,0.66,0.59,0.68,Margin Doodles by Small Hours Club is a moody lofi track with dust-softened beats and an intimate loop that stays out of the listener's way. Electric piano and muted drums shape a sound designed for gentle unwinding.,lofi|moody|dusty beats|vinyl texture|soft focus,gentle unwinding|deep study|quiet reading,electric piano|muted drums|vinyl crackle|warm bass,true,false,2020s
30,Blue Desk Lamp,Juniper Tape,lofi,relaxed,0.40,80,0.48,0.45,0.72,Blue Desk Lamp by Juniper Tape is a relaxed lofi track with dust-softened beats and an intimate loop that stays out of the listener's way. Electric piano and muted drums shape a sound designed for deep study.,lofi|relaxed|dusty beats|vinyl texture|soft focus,deep study|quiet reading|late-night coding,electric piano|muted drums|vinyl crackle|warm bass,true,false,2010s
31,Quiet Deadline,Cassette Garden,lofi,focused,0.44,84,0.60,0.49,0.76,Quiet Deadline by Cassette Garden is a focused lofi track with dust-softened beats and an intimate loop that stays out of the listener's way. Electric piano and muted drums shape a sound designed for quiet reading.,lofi|focused|dusty beats|vinyl texture|soft focus,quiet reading|late-night coding|gentle unwinding,electric piano|muted drums|vinyl crackle|warm bass,true,false,2020s
32,Cloudy Bookmark,Mosslight,lofi,chill,0.48,88,0.56,0.53,0.80,Cloudy Bookmark by Mosslight is a chill lofi track with dust-softened beats and an intimate loop that stays out of the listener's way. Electric piano and muted drums shape a sound designed for late-night coding.,lofi|chill|dusty beats|vinyl texture|soft focus,late-night coding|gentle unwinding|deep study,electric piano|muted drums|vinyl crackle|warm bass,true,false,2010s
33,Late Bus Home,Study Hall FM,lofi,relaxed,0.30,70,0.42,0.57,0.84,Late Bus Home by Study Hall FM is a relaxed lofi track with dust-softened beats and an intimate loop that stays out of the listener's way. Electric piano and muted drums shape a sound designed for gentle unwinding.,lofi|relaxed|dusty beats|vinyl texture|soft focus,gentle unwinding|deep study|quiet reading,electric piano|muted drums|vinyl crackle|warm bass,true,false,2020s
34,Dust on the Keys,Small Hours Club,lofi,nostalgic,0.42,82,0.46,0.61,0.88,Dust on the Keys by Small Hours Club is a nostalgic lofi track with dust-softened beats and an intimate loop that stays out of the listener's way. Electric piano and muted drums shape a sound designed for deep study.,lofi|nostalgic|dusty beats|vinyl texture|soft focus,deep study|quiet reading|late-night coding,electric piano|muted drums|vinyl crackle|warm bass,true,false,2010s
35,Half-Finished Letter,Juniper Tape,lofi,focused,0.38,78,0.50,0.65,0.70,Half-Finished Letter by Juniper Tape is a focused lofi track with dust-softened beats and an intimate loop that stays out of the listener's way. Electric piano and muted drums shape a sound designed for quiet reading.,lofi|focused|dusty beats|vinyl texture|soft focus,quiet reading|late-night coding|gentle unwinding,electric piano|muted drums|vinyl crackle|warm bass,true,false,2020s
36,Redline Morning,Signal Quarry,rock,aggressive,0.76,130,0.58,0.52,0.13,Redline Morning by Signal Quarry is an aggressive rock track with cranked guitar riffs and a live-room rhythm section built for release. Distorted guitar and bass guitar shape a sound designed for road trips.,rock|aggressive|guitar riffs|live drums|anthemic chorus,road trips|game-day energy|confidence boosts,distorted guitar|bass guitar|acoustic drums|lead vocals,false,false,2000s
37,Static Horizon,The Breakers Union,rock,intense,0.80,134,0.62,0.64,0.00,Static Horizon by The Breakers Union is an intense rock track with cranked guitar riffs and a live-room rhythm section built for release. Distorted guitar and bass guitar shape a sound designed for game-day energy.,rock|intense|guitar riffs|live drums|anthemic chorus,game-day energy|confidence boosts|hard workouts,distorted guitar|bass guitar|acoustic drums|lead vocals,false,false,2020s
38,Run Through Thunder,Copper Riot,rock,moody,0.84,138,0.66,0.60,0.03,Run Through Thunder by Copper Riot is a moody rock track with cranked guitar riffs and a live-room rhythm section built for release. Distorted guitar and bass guitar shape a sound designed for confidence boosts.,rock|moody|guitar riffs|live drums|anthemic chorus,confidence boosts|hard workouts|road trips,distorted guitar|bass guitar|acoustic drums|lead vocals,false,false,1990s
39,Last Match Burning,Exit Voltage,rock,euphoric,0.88,142,0.48,0.46,0.07,Last Match Burning by Exit Voltage is an euphoric rock track with cranked guitar riffs and a live-room rhythm section built for release. Distorted guitar and bass guitar shape a sound designed for hard workouts.,rock|euphoric|guitar riffs|live drums|anthemic chorus,hard workouts|road trips|game-day energy,distorted guitar|bass guitar|acoustic drums|lead vocals,false,false,2000s
40,Signal Fire Motel,Granite Youth,rock,aggressive,0.92,146,0.60,0.50,0.11,Signal Fire Motel by Granite Youth is an aggressive rock track with cranked guitar riffs and a live-room rhythm section built for release. Distorted guitar and bass guitar shape a sound designed for road trips.,rock|aggressive|guitar riffs|live drums|anthemic chorus,road trips|game-day energy|confidence boosts,distorted guitar|bass guitar|acoustic drums|lead vocals,false,false,2020s
41,Unbroken Engine,Signal Quarry,rock,intense,0.96,150,0.56,0.54,0.15,Unbroken Engine by Signal Quarry is an intense rock track with cranked guitar riffs and a live-room rhythm section built for release. Distorted guitar and bass guitar shape a sound designed for game-day energy.,rock|intense|guitar riffs|live drums|anthemic chorus,game-day energy|confidence boosts|hard workouts,distorted guitar|bass guitar|acoustic drums|lead vocals,false,false,1990s
42,Blacktop Anthem,The Breakers Union,rock,energetic,0.78,132,0.42,0.58,0.19,Blacktop Anthem by The Breakers Union is an energetic rock track with cranked guitar riffs and a live-room rhythm section built for release. Distorted guitar and bass guitar shape a sound designed for confidence boosts.,rock|energetic|guitar riffs|live drums|anthemic chorus,confidence boosts|hard workouts|road trips,distorted guitar|bass guitar|acoustic drums|lead vocals,false,true,2000s
43,Fever Pitch,Copper Riot,rock,aggressive,0.90,144,0.46,0.62,0.23,Fever Pitch by Copper Riot is an aggressive rock track with cranked guitar riffs and a live-room rhythm section built for release. Distorted guitar and bass guitar shape a sound designed for hard workouts.,rock|aggressive|guitar riffs|live drums|anthemic chorus,hard workouts|road trips|game-day energy,distorted guitar|bass guitar|acoustic drums|lead vocals,false,false,2020s
44,Northbound Noise,Exit Voltage,rock,energetic,0.86,140,0.50,0.66,0.05,Northbound Noise by Exit Voltage is an energetic rock track with cranked guitar riffs and a live-room rhythm section built for release. Distorted guitar and bass guitar shape a sound designed for road trips.,rock|energetic|guitar riffs|live drums|anthemic chorus,road trips|game-day energy|confidence boosts,distorted guitar|bass guitar|acoustic drums|lead vocals,false,false,1990s
45,Tidal Glass,Still Meridian,ambient,relaxed,0.14,54,0.61,0.18,0.85,Tidal Glass by Still Meridian is a relaxed ambient track with slow-evolving harmonies and open space that encourage patient listening. Synth pads and field recordings shape a sound designed for sleep preparation.,ambient|relaxed|slow evolving|spacious texture|meditative,sleep preparation|quiet reflection|stress relief,synth pads|field recordings|processed piano|soft drones,true,false,2010s
46,Moonlit Current,Quiet Geometry,ambient,focused,0.18,58,0.65,0.30,0.71,Moonlit Current by Quiet Geometry is a focused ambient track with slow-evolving harmonies and open space that encourage patient listening. Synth pads and field recordings shape a sound designed for quiet reflection.,ambient|focused|slow evolving|spacious texture|meditative,quiet reflection|stress relief|meditation,synth pads|field recordings|processed piano|soft drones,true,false,2020s
47,No Horizon,Pale Current,ambient,chill,0.22,62,0.69,0.26,0.75,No Horizon by Pale Current is a chill ambient track with slow-evolving harmonies and open space that encourage patient listening. Synth pads and field recordings shape a sound designed for stress relief.,ambient|chill|slow evolving|spacious texture|meditative,stress relief|meditation|sleep preparation,synth pads|field recordings|processed piano|soft drones,true,false,2000s
48,Slow Orbit,Longform Light,ambient,relaxed,0.26,66,0.51,0.12,0.79,Slow Orbit by Longform Light is a relaxed ambient track with slow-evolving harmonies and open space that encourage patient listening. Synth pads and field recordings shape a sound designed for meditation.,ambient|relaxed|slow evolving|spacious texture|meditative,meditation|sleep preparation|quiet reflection,synth pads|field recordings|processed piano|soft drones,true,false,2010s
49,Frosted Air,Aerial Archive,ambient,relaxed,0.30,70,0.63,0.16,0.83,Frosted Air by Aerial Archive is a relaxed ambient track with slow-evolving harmonies and open space that encourage patient listening. Synth pads and field recordings shape a sound designed for sleep preparation.,ambient|relaxed|slow evolving|spacious texture|meditative,sleep preparation|quiet reflection|stress relief,synth pads|field recordings|processed piano|soft drones,true,false,2020s
50,Weightless Field,Still Meridian,ambient,focused,0.34,74,0.59,0.20,0.87,Weightless Field by Still Meridian is a focused ambient track with slow-evolving harmonies and open space that encourage patient listening. Synth pads and field recordings shape a sound designed for quiet reflection.,ambient|focused|slow evolving|spacious texture|meditative,quiet reflection|stress relief|meditation,synth pads|field recordings|processed piano|soft drones,true,false,2000s
51,Distant Weather,Quiet Geometry,ambient,chill,0.16,56,0.45,0.24,0.91,Distant Weather by Quiet Geometry is a chill ambient track with slow-evolving harmonies and open space that encourage patient listening. Synth pads and field recordings shape a sound designed for stress relief.,ambient|chill|slow evolving|spacious texture|meditative,stress relief|meditation|sleep preparation,synth pads|field recordings|processed piano|soft drones,true,false,2010s
52,Luminous Quiet,Pale Current,ambient,chill,0.28,68,0.49,0.28,0.95,Luminous Quiet by Pale Current is a chill ambient track with slow-evolving harmonies and open space that encourage patient listening. Synth pads and field recordings shape a sound designed for meditation.,ambient|chill|slow evolving|spacious texture|meditative,meditation|sleep preparation|quiet reflection,synth pads|field recordings|processed piano|soft drones,true,false,2020s
53,Drift Map,Longform Light,ambient,relaxed,0.24,64,0.53,0.32,0.77,Drift Map by Longform Light is a relaxed ambient track with slow-evolving harmonies and open space that encourage patient listening. Synth pads and field recordings shape a sound designed for sleep preparation.,ambient|relaxed|slow evolving|spacious texture|meditative,sleep preparation|quiet reflection|stress relief,synth pads|field recordings|processed piano|soft drones,true,false,2000s
54,Sunday Brass,Marlowe Keys,jazz,relaxed,0.40,98,0.67,0.49,0.74,Sunday Brass by Marlowe Keys is a relaxed jazz track with conversational improvisation and an acoustic pocket with room to breathe. Upright bass and piano shape a sound designed for coffeehouse work.,jazz|relaxed|improvisation|swing feel|acoustic ensemble,coffeehouse work|evening conversation|focused listening,upright bass|piano|brushed drums|tenor saxophone,true,false,1960s
55,Velvet Platform,East Ferry Trio,jazz,playful,0.44,102,0.71,0.61,0.60,Velvet Platform by East Ferry Trio is a playful jazz track with conversational improvisation and an acoustic pocket with room to breathe. Upright bass and piano shape a sound designed for evening conversation.,jazz|playful|improvisation|swing feel|acoustic ensemble,evening conversation|focused listening|dinner ambience,upright bass|piano|brushed drums|tenor saxophone,true,false,2020s
56,Lantern District,Cedar Street Five,jazz,moody,0.48,106,0.75,0.57,0.64,Lantern District by Cedar Street Five is a moody jazz track with conversational improvisation and an acoustic pocket with room to breathe. Upright bass and piano shape a sound designed for focused listening.,jazz|moody|improvisation|swing feel|acoustic ensemble,focused listening|dinner ambience|coffeehouse work,upright bass|piano|brushed drums|tenor saxophone,false,false,1950s
57,Second Cup Swing,Nia Bell Ensemble,jazz,romantic,0.52,110,0.57,0.43,0.68,Second Cup Swing by Nia Bell Ensemble is a romantic jazz track with conversational improvisation and an acoustic pocket with room to breathe. Upright bass and piano shape a sound designed for dinner ambience.,jazz|romantic|improvisation|swing feel|acoustic ensemble,dinner ambience|coffeehouse work|evening conversation,upright bass|piano|brushed drums|tenor saxophone,true,false,1960s
58,Rain on Seventh,The Rowan Quartet,jazz,focused,0.56,114,0.69,0.47,0.72,Rain on Seventh by The Rowan Quartet is a focused jazz track with conversational improvisation and an acoustic pocket with room to breathe. Upright bass and piano shape a sound designed for coffeehouse work.,jazz|focused|improvisation|swing feel|acoustic ensemble,coffeehouse work|evening conversation|focused listening,upright bass|piano|brushed drums|tenor saxophone,true,false,2020s
59,Pocket Watch Waltz,Marlowe Keys,jazz,energetic,0.60,118,0.65,0.51,0.76,Pocket Watch Waltz by Marlowe Keys is an energetic jazz track with conversational improvisation and an acoustic pocket with room to breathe. Upright bass and piano shape a sound designed for evening conversation.,jazz|energetic|improvisation|swing feel|acoustic ensemble,evening conversation|focused listening|dinner ambience,upright bass|piano|brushed drums|tenor saxophone,true,false,1950s
60,After Midnight Set,East Ferry Trio,jazz,romantic,0.42,100,0.51,0.55,0.80,After Midnight Set by East Ferry Trio is a romantic jazz track with conversational improvisation and an acoustic pocket with room to breathe. Upright bass and piano shape a sound designed for focused listening.,jazz|romantic|improvisation|swing feel|acoustic ensemble,focused listening|dinner ambience|coffeehouse work,upright bass|piano|brushed drums|tenor saxophone,false,false,1960s
61,Corner Booth,Cedar Street Five,jazz,playful,0.54,112,0.55,0.59,0.84,Corner Booth by Cedar Street Five is a playful jazz track with conversational improvisation and an acoustic pocket with room to breathe. Upright bass and piano shape a sound designed for dinner ambience.,jazz|playful|improvisation|swing feel|acoustic ensemble,dinner ambience|coffeehouse work|evening conversation,upright bass|piano|brushed drums|tenor saxophone,true,false,2020s
62,Marmalade Moon,Nia Bell Ensemble,jazz,relaxed,0.50,108,0.59,0.63,0.66,Marmalade Moon by Nia Bell Ensemble is a relaxed jazz track with conversational improvisation and an acoustic pocket with room to breathe. Upright bass and piano shape a sound designed for coffeehouse work.,jazz|relaxed|improvisation|swing feel|acoustic ensemble,coffeehouse work|evening conversation|focused listening,upright bass|piano|brushed drums|tenor saxophone,false,false,1950s
63,Laser Exit,Glass Circuit,synthwave,moody,0.64,104,0.55,0.64,0.15,Laser Exit by Glass Circuit is a moody synthwave track with retro-futurist synthesizers and a cinematic pulse beneath glowing melodies. Analog synthesizer and drum machine shape a sound designed for retro gaming.,synthwave|moody|retro synths|night drive|cinematic pulse,retro gaming|creative sprints|cinematic workouts,analog synthesizer|drum machine|sequenced bass|electric guitar,true,false,2010s
64,Memory Highway,Magenta Driver,synthwave,moody,0.68,108,0.59,0.76,0.01,Memory Highway by Magenta Driver is a moody synthwave track with retro-futurist synthesizers and a cinematic pulse beneath glowing melodies. Analog synthesizer and drum machine shape a sound designed for creative sprints.,synthwave|moody|retro synths|night drive|cinematic pulse,creative sprints|cinematic workouts|night driving,analog synthesizer|drum machine|sequenced bass|electric guitar,false,false,2020s
65,Arcade Ghost,Future Polaroid,synthwave,intense,0.72,112,0.63,0.72,0.05,Arcade Ghost by Future Polaroid is an intense synthwave track with retro-futurist synthesizers and a cinematic pulse beneath glowing melodies. Analog synthesizer and drum machine shape a sound designed for cinematic workouts.,synthwave|intense|retro synths|night drive|cinematic pulse,cinematic workouts|night driving|retro gaming,analog synthesizer|drum machine|sequenced bass|electric guitar,true,false,1980s
66,Midnight Overpass,Static Vista,synthwave,moody,0.76,116,0.45,0.58,0.09,Midnight Overpass by Static Vista is a moody synthwave track with retro-futurist synthesizers and a cinematic pulse beneath glowing melodies. Analog synthesizer and drum machine shape a sound designed for night driving.,synthwave|moody|retro synths|night drive|cinematic pulse,night driving|retro gaming|creative sprints,analog synthesizer|drum machine|sequenced bass|electric guitar,false,false,2010s
67,Electric Mirage,Night Vector,synthwave,moody,0.80,120,0.57,0.62,0.13,Electric Mirage by Night Vector is a moody synthwave track with retro-futurist synthesizers and a cinematic pulse beneath glowing melodies. Analog synthesizer and drum machine shape a sound designed for retro gaming.,synthwave|moody|retro synths|night drive|cinematic pulse,retro gaming|creative sprints|cinematic workouts,analog synthesizer|drum machine|sequenced bass|electric guitar,false,false,2020s
68,Signal 1986,Glass Circuit,synthwave,intense,0.84,124,0.53,0.66,0.17,Signal 1986 by Glass Circuit is an intense synthwave track with retro-futurist synthesizers and a cinematic pulse beneath glowing melodies. Analog synthesizer and drum machine shape a sound designed for creative sprints.,synthwave|intense|retro synths|night drive|cinematic pulse,creative sprints|cinematic workouts|night driving,analog synthesizer|drum machine|sequenced bass|electric guitar,true,false,1980s
69,Violet Pursuit,Magenta Driver,synthwave,intense,0.66,106,0.39,0.70,0.21,Violet Pursuit by Magenta Driver is an intense synthwave track with retro-futurist synthesizers and a cinematic pulse beneath glowing melodies. Analog synthesizer and drum machine shape a sound designed for cinematic workouts.,synthwave|intense|retro synths|night drive|cinematic pulse,cinematic workouts|night driving|retro gaming,analog synthesizer|drum machine|sequenced bass|electric guitar,false,false,2010s
70,Digital Raincoat,Future Polaroid,synthwave,chill,0.78,118,0.43,0.74,0.25,Digital Raincoat by Future Polaroid is a chill synthwave track with retro-futurist synthesizers and a cinematic pulse beneath glowing melodies. Analog synthesizer and drum machine shape a sound designed for night driving.,synthwave|chill|retro synths|night drive|cinematic pulse,night driving|retro gaming|creative sprints,analog synthesizer|drum machine|sequenced bass|electric guitar,true,false,2020s
71,Retrograde City,Static Vista,synthwave,energetic,0.74,114,0.47,0.78,0.07,Retrograde City by Static Vista is an energetic synthwave track with retro-futurist synthesizers and a cinematic pulse beneath glowing melodies. Analog synthesizer and drum machine shape a sound designed for retro gaming.,synthwave|energetic|retro synths|night drive|cinematic pulse,retro gaming|creative sprints|cinematic workouts,analog synthesizer|drum machine|sequenced bass|electric guitar,false,false,1980s
72,Borrowed Bicycle,Maple Cinema,indie pop,hopeful,0.58,108,0.74,0.63,0.38,Borrowed Bicycle by Maple Cinema is a hopeful indie pop track with handmade pop detail and a diary-like melody with an off-center charm. Clean guitar and synthesizer shape a sound designed for creative breaks.,indie pop|hopeful|jangly guitars|diary-like lyrics|handmade pop,creative breaks|casual hangs|coming-of-age playlists,clean guitar|synthesizer|hand percussion|soft vocals,false,false,2010s
73,Cinema Flowers,The Soft Detours,indie pop,nostalgic,0.62,112,0.78,0.75,0.24,Cinema Flowers by The Soft Detours is a nostalgic indie pop track with handmade pop detail and a diary-like melody with an off-center charm. Clean guitar and synthesizer shape a sound designed for casual hangs.,indie pop|nostalgic|jangly guitars|diary-like lyrics|handmade pop,casual hangs|coming-of-age playlists|sunny walks,clean guitar|synthesizer|hand percussion|soft vocals,false,false,2020s
74,Tiny Revolutions,June Kite,indie pop,happy,0.66,116,0.82,0.71,0.28,Tiny Revolutions by June Kite is a happy indie pop track with handmade pop detail and a diary-like melody with an off-center charm. Clean guitar and synthesizer shape a sound designed for coming-of-age playlists.,indie pop|happy|jangly guitars|diary-like lyrics|handmade pop,coming-of-age playlists|sunny walks|creative breaks,clean guitar|synthesizer|hand percussion|soft vocals,false,false,2000s
75,Porchlight Theory,Bedroom Atlas,indie pop,romantic,0.70,120,0.64,0.57,0.32,Porchlight Theory by Bedroom Atlas is a romantic indie pop track with handmade pop detail and a diary-like melody with an off-center charm. Clean guitar and synthesizer shape a sound designed for sunny walks.,indie pop|romantic|jangly guitars|diary-like lyrics|handmade pop,sunny walks|creative breaks|casual hangs,clean guitar|synthesizer|hand percussion|soft vocals,false,false,2010s
76,Daydream Receipt,Honey Static,indie pop,playful,0.74,124,0.76,0.61,0.36,Daydream Receipt by Honey Static is a playful indie pop track with handmade pop detail and a diary-like melody with an off-center charm. Clean guitar and synthesizer shape a sound designed for creative breaks.,indie pop|playful|jangly guitars|diary-like lyrics|handmade pop,creative breaks|casual hangs|coming-of-age playlists,clean guitar|synthesizer|hand percussion|soft vocals,false,false,2020s
77,Suburban Comet,Maple Cinema,indie pop,romantic,0.78,128,0.72,0.65,0.40,Suburban Comet by Maple Cinema is a romantic indie pop track with handmade pop detail and a diary-like melody with an off-center charm. Clean guitar and synthesizer shape a sound designed for casual hangs.,indie pop|romantic|jangly guitars|diary-like lyrics|handmade pop,casual hangs|coming-of-age playlists|sunny walks,clean guitar|synthesizer|hand percussion|soft vocals,false,false,2000s
78,Lucky Sweater,The Soft Detours,indie pop,playful,0.60,110,0.58,0.69,0.44,Lucky Sweater by The Soft Detours is a playful indie pop track with handmade pop detail and a diary-like melody with an off-center charm. Clean guitar and synthesizer shape a sound designed for coming-of-age playlists.,indie pop|playful|jangly guitars|diary-like lyrics|handmade pop,coming-of-age playlists|sunny walks|creative breaks,clean guitar|synthesizer|hand percussion|soft vocals,false,false,2010s
79,Postcard Weather,June Kite,indie pop,nostalgic,0.72,122,0.62,0.73,0.48,Postcard Weather by June Kite is a nostalgic indie pop track with handmade pop detail and a diary-like melody with an off-center charm. Clean guitar and synthesizer shape a sound designed for sunny walks.,indie pop|nostalgic|jangly guitars|diary-like lyrics|handmade pop,sunny walks|creative breaks|casual hangs,clean guitar|synthesizer|hand percussion|soft vocals,false,false,2020s
80,Almost Famous Friday,Bedroom Atlas,indie pop,happy,0.68,118,0.66,0.77,0.30,Almost Famous Friday by Bedroom Atlas is a happy indie pop track with handmade pop detail and a diary-like melody with an off-center charm. Clean guitar and synthesizer shape a sound designed for creative breaks.,indie pop|happy|jangly guitars|diary-like lyrics|handmade pop,creative breaks|casual hangs|coming-of-age playlists,clean guitar|synthesizer|hand percussion|soft vocals,false,false,2000s
81,City Limit Lessons,Mosaic Major,hip hop,focused,0.66,86,0.62,0.76,0.18,City Limit Lessons by Mosaic Major is a focused hip hop track with punchy drums and a clear rhythmic pocket supporting tightly framed verses. Drum sampler and sub bass shape a sound designed for urban commutes.,hip hop|focused|boom bap drums|lyrical flow|bass-heavy,urban commutes|focused training|head-nod sessions,drum sampler|sub bass|chopped keys|turntable textures,false,false,2010s
82,No Shortcuts,Kilo Verse,hip hop,energetic,0.70,90,0.66,0.88,0.04,No Shortcuts by Kilo Verse is an energetic hip hop track with punchy drums and a clear rhythmic pocket supporting tightly framed verses. Drum sampler and sub bass shape a sound designed for focused training.,hip hop|energetic|boom bap drums|lyrical flow|bass-heavy,focused training|head-nod sessions|confidence boosts,drum sampler|sub bass|chopped keys|turntable textures,false,false,2020s
83,Corner Store Crown,Avenue Sage,hip hop,moody,0.74,94,0.70,0.84,0.08,Corner Store Crown by Avenue Sage is a moody hip hop track with punchy drums and a clear rhythmic pocket supporting tightly framed verses. Drum sampler and sub bass shape a sound designed for head-nod sessions.,hip hop|moody|boom bap drums|lyrical flow|bass-heavy,head-nod sessions|confidence boosts|urban commutes,drum sampler|sub bass|chopped keys|turntable textures,false,true,1990s
84,Quiet Flex,Plainspoken J,hip hop,intense,0.78,98,0.52,0.70,0.12,Quiet Flex by Plainspoken J is an intense hip hop track with punchy drums and a clear rhythmic pocket supporting tightly framed verses. Drum sampler and sub bass shape a sound designed for confidence boosts.,hip hop|intense|boom bap drums|lyrical flow|bass-heavy,confidence boosts|urban commutes|focused training,drum sampler|sub bass|chopped keys|turntable textures,false,false,2010s
85,Meter Running,Northside Quill,hip hop,focused,0.82,102,0.64,0.74,0.16,Meter Running by Northside Quill is a focused hip hop track with punchy drums and a clear rhythmic pocket supporting tightly framed verses. Drum sampler and sub bass shape a sound designed for urban commutes.,hip hop|focused|boom bap drums|lyrical flow|bass-heavy,urban commutes|focused training|head-nod sessions,drum sampler|sub bass|chopped keys|turntable textures,false,false,2020s
86,Rooftop Cypher,Mosaic Major,hip hop,euphoric,0.86,106,0.60,0.78,0.20,Rooftop Cypher by Mosaic Major is an euphoric hip hop track with punchy drums and a clear rhythmic pocket supporting tightly framed verses. Drum sampler and sub bass shape a sound designed for focused training.,hip hop|euphoric|boom bap drums|lyrical flow|bass-heavy,focused training|head-nod sessions|confidence boosts,drum sampler|sub bass|chopped keys|turntable textures,false,false,1990s
87,Built From Scratch,Kilo Verse,hip hop,relaxed,0.68,88,0.46,0.82,0.24,Built From Scratch by Kilo Verse is a relaxed hip hop track with punchy drums and a clear rhythmic pocket supporting tightly framed verses. Drum sampler and sub bass shape a sound designed for head-nod sessions.,hip hop|relaxed|boom bap drums|lyrical flow|bass-heavy,head-nod sessions|confidence boosts|urban commutes,drum sampler|sub bass|chopped keys|turntable textures,false,true,2010s
88,Late Fee Wisdom,Avenue Sage,hip hop,intense,0.80,100,0.50,0.86,0.28,Late Fee Wisdom by Avenue Sage is an intense hip hop track with punchy drums and a clear rhythmic pocket supporting tightly framed verses. Drum sampler and sub bass shape a sound designed for confidence boosts.,hip hop|intense|boom bap drums|lyrical flow|bass-heavy,confidence boosts|urban commutes|focused training,drum sampler|sub bass|chopped keys|turntable textures,false,false,2020s
89,Forward Motion,Plainspoken J,hip hop,focused,0.76,96,0.54,0.90,0.10,Forward Motion by Plainspoken J is a focused hip hop track with punchy drums and a clear rhythmic pocket supporting tightly framed verses. Drum sampler and sub bass shape a sound designed for urban commutes.,hip hop|focused|boom bap drums|lyrical flow|bass-heavy,urban commutes|focused training|head-nod sessions,drum sampler|sub bass|chopped keys|turntable textures,false,false,1990s
90,Spring Room Sonata,Elena Voss,classical,relaxed,0.30,70,0.53,0.14,0.96,Spring Room Sonata by Elena Voss is a relaxed classical track with carefully shaped acoustic dynamics and a patient melodic arc. Grand piano and violin shape a sound designed for quiet mornings.,classical|relaxed|orchestral|dynamic movement|acoustic detail,quiet mornings|formal dinners|reflective study,grand piano|violin|cello|viola,true,false,2010s
91,Ember Quartet,The Northbridge Quartet,classical,melancholy,0.34,74,0.57,0.26,0.82,Ember Quartet by The Northbridge Quartet is a melancholy classical track with carefully shaped acoustic dynamics and a patient melodic arc. Grand piano and violin shape a sound designed for formal dinners.,classical|melancholy|orchestral|dynamic movement|acoustic detail,formal dinners|reflective study|focused reading,grand piano|violin|cello|viola,true,false,2020s
92,Riverstone Prelude,Milo Serrin,classical,romantic,0.38,78,0.61,0.22,0.86,Riverstone Prelude by Milo Serrin is a romantic classical track with carefully shaped acoustic dynamics and a patient melodic arc. Grand piano and violin shape a sound designed for reflective study.,classical|romantic|orchestral|dynamic movement|acoustic detail,reflective study|focused reading|quiet mornings,grand piano|violin|cello|viola,true,false,1990s
93,Letters in Adagio,Orchard Hall Ensemble,classical,intense,0.42,82,0.43,0.08,0.90,Letters in Adagio by Orchard Hall Ensemble is an intense classical track with carefully shaped acoustic dynamics and a patient melodic arc. Grand piano and violin shape a sound designed for focused reading.,classical|intense|orchestral|dynamic movement|acoustic detail,focused reading|quiet mornings|formal dinners,grand piano|violin|cello|viola,true,false,2010s
94,Morning Conservatory,Alder Chamber Players,classical,relaxed,0.46,86,0.55,0.12,0.94,Morning Conservatory by Alder Chamber Players is a relaxed classical track with carefully shaped acoustic dynamics and a patient melodic arc. Grand piano and violin shape a sound designed for quiet mornings.,classical|relaxed|orchestral|dynamic movement|acoustic detail,quiet mornings|formal dinners|reflective study,grand piano|violin|cello|viola,true,false,2020s
95,Glasswood Etude,Elena Voss,classical,romantic,0.50,90,0.51,0.16,0.98,Glasswood Etude by Elena Voss is a romantic classical track with carefully shaped acoustic dynamics and a patient melodic arc. Grand piano and violin shape a sound designed for formal dinners.,classical|romantic|orchestral|dynamic movement|acoustic detail,formal dinners|reflective study|focused reading,grand piano|violin|cello|viola,true,false,1990s
96,Quiet Triumph,The Northbridge Quartet,classical,hopeful,0.32,72,0.37,0.20,1.00,Quiet Triumph by The Northbridge Quartet is a hopeful classical track with carefully shaped acoustic dynamics and a patient melodic arc. Grand piano and violin shape a sound designed for reflective study.,classical|hopeful|orchestral|dynamic movement|acoustic detail,reflective study|focused reading|quiet mornings,grand piano|violin|cello|viola,true,false,2010s
97,Snowfall Variations,Milo Serrin,classical,melancholy,0.44,84,0.41,0.24,1.00,Snowfall Variations by Milo Serrin is a melancholy classical track with carefully shaped acoustic dynamics and a patient melodic arc. Grand piano and violin shape a sound designed for focused reading.,classical|melancholy|orchestral|dynamic movement|acoustic detail,focused reading|quiet mornings|formal dinners,grand piano|violin|cello|viola,true,false,2020s
98,Homeward Cadenza,Orchard Hall Ensemble,classical,hopeful,0.40,80,0.45,0.28,0.88,Homeward Cadenza by Orchard Hall Ensemble is a hopeful classical track with carefully shaped acoustic dynamics and a patient melodic arc. Grand piano and violin shape a sound designed for quiet mornings.,classical|hopeful|orchestral|dynamic movement|acoustic detail,quiet mornings|formal dinners|reflective study,grand piano|violin|cello|viola,true,false,1990s
99,Easy Tide,The Easy Currents,reggae,relaxed,0.52,80,0.84,0.70,0.40,Easy Tide by The Easy Currents is a relaxed reggae track with a buoyant offbeat groove and warm low end that leave plenty of sunlight. Skank guitar and electric bass shape a sound designed for backyard gatherings.,reggae|relaxed|offbeat guitar|dub warmth|sunlit groove,backyard gatherings|slow weekends|sunny commutes,skank guitar|electric bass|organ|hand percussion,false,false,2000s
100,Good Neighbor,Sol Harbor,reggae,happy,0.56,84,0.88,0.82,0.26,Good Neighbor by Sol Harbor is a happy reggae track with a buoyant offbeat groove and warm low end that leave plenty of sunlight. Skank guitar and electric bass shape a sound designed for slow weekends.,reggae|happy|offbeat guitar|dub warmth|sunlit groove,slow weekends|sunny commutes|beach afternoons,skank guitar|electric bass|organ|hand percussion,false,false,2020s
101,Green Horizon,Bright Roots,reggae,hopeful,0.60,88,0.92,0.78,0.30,Green Horizon by Bright Roots is a hopeful reggae track with a buoyant offbeat groove and warm low end that leave plenty of sunlight. Skank guitar and electric bass shape a sound designed for sunny commutes.,reggae|hopeful|offbeat guitar|dub warmth|sunlit groove,sunny commutes|beach afternoons|backyard gatherings,skank guitar|electric bass|organ|hand percussion,false,false,1970s
102,Harbor Morning,Coconut Radio,reggae,relaxed,0.64,92,0.74,0.64,0.34,Harbor Morning by Coconut Radio is a relaxed reggae track with a buoyant offbeat groove and warm low end that leave plenty of sunlight. Skank guitar and electric bass shape a sound designed for beach afternoons.,reggae|relaxed|offbeat guitar|dub warmth|sunlit groove,beach afternoons|backyard gatherings|slow weekends,skank guitar|electric bass|organ|hand percussion,false,false,2000s
103,One More Mango,Kingston Lantern,reggae,happy,0.68,96,0.86,0.68,0.38,One More Mango by Kingston Lantern is a happy reggae track with a buoyant offbeat groove and warm low end that leave plenty of sunlight. Skank guitar and electric bass shape a sound designed for backyard gatherings.,reggae|happy|offbeat guitar|dub warmth|sunlit groove,backyard gatherings|slow weekends|sunny commutes,skank guitar|electric bass|organ|hand percussion,false,false,2020s
104,Open Gate,The Easy Currents,reggae,uplifting,0.72,100,0.82,0.72,0.42,Open Gate by The Easy Currents is an uplifting reggae track with a buoyant offbeat groove and warm low end that leave plenty of sunlight. Skank guitar and electric bass shape a sound designed for slow weekends.,reggae|uplifting|offbeat guitar|dub warmth|sunlit groove,slow weekends|sunny commutes|beach afternoons,skank guitar|electric bass|organ|hand percussion,false,false,1970s
105,Warm Rain Rhythm,Sol Harbor,reggae,relaxed,0.54,82,0.68,0.76,0.46,Warm Rain Rhythm by Sol Harbor is a relaxed reggae track with a buoyant offbeat groove and warm low end that leave plenty of sunlight. Skank guitar and electric bass shape a sound designed for sunny commutes.,reggae|relaxed|offbeat guitar|dub warmth|sunlit groove,sunny commutes|beach afternoons|backyard gatherings,skank guitar|electric bass|organ|hand percussion,false,false,2000s
106,Slow Road Smiling,Bright Roots,reggae,relaxed,0.66,94,0.72,0.80,0.50,Slow Road Smiling by Bright Roots is a relaxed reggae track with a buoyant offbeat groove and warm low end that leave plenty of sunlight. Skank guitar and electric bass shape a sound designed for beach afternoons.,reggae|relaxed|offbeat guitar|dub warmth|sunlit groove,beach afternoons|backyard gatherings|slow weekends,skank guitar|electric bass|organ|hand percussion,false,false,2020s
107,Palm Shade Promise,Coconut Radio,reggae,happy,0.62,90,0.76,0.84,0.32,Palm Shade Promise by Coconut Radio is a happy reggae track with a buoyant offbeat groove and warm low end that leave plenty of sunlight. Skank guitar and electric bass shape a sound designed for backyard gatherings.,reggae|happy|offbeat guitar|dub warmth|sunlit groove,backyard gatherings|slow weekends|sunny commutes,skank guitar|electric bass|organ|hand percussion,false,false,1970s
108,Beneath the Anvil,Grim Meridian,metal,aggressive,0.85,148,0.36,0.34,0.07,Beneath the Anvil by Grim Meridian is an aggressive metal track with dense down-tuned riffs and precision percussion aimed at controlled intensity. Down-tuned guitar and double-kick drums shape a sound designed for cathartic release.,metal|aggressive|heavy riffs|double kick|dramatic intensity,cathartic release|high-intensity gaming|focused adrenaline,down-tuned guitar|double-kick drums|distorted bass|harsh vocals,false,false,2000s
109,Unyielding,Hollow Foundry,metal,moody,0.89,152,0.40,0.46,0.00,Unyielding by Hollow Foundry is a moody metal track with dense down-tuned riffs and precision percussion aimed at controlled intensity. Down-tuned guitar and double-kick drums shape a sound designed for high-intensity gaming.,metal|moody|heavy riffs|double kick|dramatic intensity,high-intensity gaming|focused adrenaline|maximum-effort training,down-tuned guitar|double-kick drums|distorted bass|harsh vocals,false,true,2020s
110,Ashen Signal,North Pyre,metal,intense,0.93,156,0.44,0.42,0.00,Ashen Signal by North Pyre is an intense metal track with dense down-tuned riffs and precision percussion aimed at controlled intensity. Down-tuned guitar and double-kick drums shape a sound designed for focused adrenaline.,metal|intense|heavy riffs|double kick|dramatic intensity,focused adrenaline|maximum-effort training|cathartic release,down-tuned guitar|double-kick drums|distorted bass|harsh vocals,false,false,1990s
111,Teeth of Winter,The Severed Oath,metal,moody,0.97,160,0.26,0.28,0.01,Teeth of Winter by The Severed Oath is a moody metal track with dense down-tuned riffs and precision percussion aimed at controlled intensity. Down-tuned guitar and double-kick drums shape a sound designed for maximum-effort training.,metal|moody|heavy riffs|double kick|dramatic intensity,maximum-effort training|cathartic release|high-intensity gaming,down-tuned guitar|double-kick drums|distorted bass|harsh vocals,false,false,2000s
112,Obsidian March,Warden Ash,metal,intense,1.00,164,0.38,0.32,0.05,Obsidian March by Warden Ash is an intense metal track with dense down-tuned riffs and precision percussion aimed at controlled intensity. Down-tuned guitar and double-kick drums shape a sound designed for cathartic release.,metal|intense|heavy riffs|double kick|dramatic intensity,cathartic release|high-intensity gaming|focused adrenaline,down-tuned guitar|double-kick drums|distorted bass|harsh vocals,false,false,2020s
113,Gravelung,Grim Meridian,metal,intense,1.00,168,0.34,0.36,0.09,Gravelung by Grim Meridian is an intense metal track with dense down-tuned riffs and precision percussion aimed at controlled intensity. Down-tuned guitar and double-kick drums shape a sound designed for high-intensity gaming.,metal|intense|heavy riffs|double kick|dramatic intensity,high-intensity gaming|focused adrenaline|maximum-effort training,down-tuned guitar|double-kick drums|distorted bass|harsh vocals,false,true,1990s
114,Last Iron Dawn,Hollow Foundry,metal,aggressive,0.87,150,0.20,0.40,0.13,Last Iron Dawn by Hollow Foundry is an aggressive metal track with dense down-tuned riffs and precision percussion aimed at controlled intensity. Down-tuned guitar and double-kick drums shape a sound designed for focused adrenaline.,metal|aggressive|heavy riffs|double kick|dramatic intensity,focused adrenaline|maximum-effort training|cathartic release,down-tuned guitar|double-kick drums|distorted bass|harsh vocals,false,false,2000s
115,Ritual Engine,North Pyre,metal,intense,0.99,162,0.24,0.44,0.17,Ritual Engine by North Pyre is an intense metal track with dense down-tuned riffs and precision percussion aimed at controlled intensity. Down-tuned guitar and double-kick drums shape a sound designed for maximum-effort training.,metal|intense|heavy riffs|double kick|dramatic intensity,maximum-effort training|cathartic release|high-intensity gaming,down-tuned guitar|double-kick drums|distorted bass|harsh vocals,false,false,2020s
116,No Gods in Static,The Severed Oath,metal,aggressive,0.95,158,0.28,0.48,0.00,No Gods in Static by The Severed Oath is an aggressive metal track with dense down-tuned riffs and precision percussion aimed at controlled intensity. Down-tuned guitar and double-kick drums shape a sound designed for cathartic release.,metal|aggressive|heavy riffs|double kick|dramatic intensity,cathartic release|high-intensity gaming|focused adrenaline,down-tuned guitar|double-kick drums|distorted bass|harsh vocals,false,true,1990s
117,Porchlight Still On,Eli Mason Road,country,happy,0.45,88,0.66,0.49,0.63,Porchlight Still On by Eli Mason Road is a happy country track with plainspoken storytelling and an open-road acoustic arrangement. Acoustic guitar and pedal steel shape a sound designed for porch evenings.,country|happy|storytelling|acoustic twang|open-road warmth,porch evenings|family cookouts|reflective travel,acoustic guitar|pedal steel|fiddle|brush drums,false,false,2000s
118,Two-Lane Memory,The Prairie Letters,country,hopeful,0.49,92,0.70,0.61,0.49,Two-Lane Memory by The Prairie Letters is a hopeful country track with plainspoken storytelling and an open-road acoustic arrangement. Acoustic guitar and pedal steel shape a sound designed for family cookouts.,country|hopeful|storytelling|acoustic twang|open-road warmth,family cookouts|reflective travel|scenic drives,acoustic guitar|pedal steel|fiddle|brush drums,false,false,2020s
119,Wildflower Mile,Mae Holloway,country,nostalgic,0.53,96,0.74,0.57,0.53,Wildflower Mile by Mae Holloway is a nostalgic country track with plainspoken storytelling and an open-road acoustic arrangement. Acoustic guitar and pedal steel shape a sound designed for reflective travel.,country|nostalgic|storytelling|acoustic twang|open-road warmth,reflective travel|scenic drives|porch evenings,acoustic guitar|pedal steel|fiddle|brush drums,false,false,1970s
120,Saturday at the Feed Store,Red Cedar Union,country,relaxed,0.57,100,0.56,0.43,0.57,Saturday at the Feed Store by Red Cedar Union is a relaxed country track with plainspoken storytelling and an open-road acoustic arrangement. Acoustic guitar and pedal steel shape a sound designed for scenic drives.,country|relaxed|storytelling|acoustic twang|open-road warmth,scenic drives|porch evenings|family cookouts,acoustic guitar|pedal steel|fiddle|brush drums,false,false,2000s
121,Map in the Glovebox,Larkspur County,country,romantic,0.61,104,0.68,0.47,0.61,Map in the Glovebox by Larkspur County is a romantic country track with plainspoken storytelling and an open-road acoustic arrangement. Acoustic guitar and pedal steel shape a sound designed for porch evenings.,country|romantic|storytelling|acoustic twang|open-road warmth,porch evenings|family cookouts|reflective travel,acoustic guitar|pedal steel|fiddle|brush drums,false,false,2020s
122,Old Barn Radio,Eli Mason Road,country,focused,0.65,108,0.64,0.51,0.65,Old Barn Radio by Eli Mason Road is a focused country track with plainspoken storytelling and an open-road acoustic arrangement. Acoustic guitar and pedal steel shape a sound designed for family cookouts.,country|focused|storytelling|acoustic twang|open-road warmth,family cookouts|reflective travel|scenic drives,acoustic guitar|pedal steel|fiddle|brush drums,false,false,1970s
123,River Bend Letter,The Prairie Letters,country,nostalgic,0.47,90,0.50,0.55,0.69,River Bend Letter by The Prairie Letters is a nostalgic country track with plainspoken storytelling and an open-road acoustic arrangement. Acoustic guitar and pedal steel shape a sound designed for reflective travel.,country|nostalgic|storytelling|acoustic twang|open-road warmth,reflective travel|scenic drives|porch evenings,acoustic guitar|pedal steel|fiddle|brush drums,false,false,2000s
124,Home Before the Rain,Mae Holloway,country,relaxed,0.59,102,0.54,0.59,0.73,Home Before the Rain by Mae Holloway is a relaxed country track with plainspoken storytelling and an open-road acoustic arrangement. Acoustic guitar and pedal steel shape a sound designed for scenic drives.,country|relaxed|storytelling|acoustic twang|open-road warmth,scenic drives|porch evenings|family cookouts,acoustic guitar|pedal steel|fiddle|brush drums,false,false,2020s
125,Copper Sky Goodbye,Red Cedar Union,country,nostalgic,0.55,98,0.58,0.63,0.55,Copper Sky Goodbye by Red Cedar Union is a nostalgic country track with plainspoken storytelling and an open-road acoustic arrangement. Acoustic guitar and pedal steel shape a sound designed for porch evenings.,country|nostalgic|storytelling|acoustic twang|open-road warmth,porch evenings|family cookouts|reflective travel,acoustic guitar|pedal steel|fiddle|brush drums,false,false,1970s
126,Drop the Daylight,Lumen Drop,edm,energetic,0.82,120,0.80,0.82,0.06,Drop the Daylight by Lumen Drop is an energetic edm track with a tension-building electronic arrangement that opens into a bright festival-sized drop. Software synthesizer and drum machine shape a sound designed for party peaks.,edm|energetic|festival build|four-on-the-floor|synth drop,party peaks|festival energy|fast-paced gaming,software synthesizer|drum machine|sub bass|vocal chops,true,false,2020s
127,Infinite Floor,Kinetic North,edm,euphoric,0.86,124,0.84,0.94,0.00,Infinite Floor by Kinetic North is an euphoric edm track with a tension-building electronic arrangement that opens into a bright festival-sized drop. Software synthesizer and drum machine shape a sound designed for festival energy.,edm|euphoric|festival build|four-on-the-floor|synth drop,festival energy|fast-paced gaming|dance workouts,software synthesizer|drum machine|sub bass|vocal chops,false,false,2010s
128,Prism Rush,Echo Array,edm,energetic,0.90,128,0.88,0.90,0.00,Prism Rush by Echo Array is an energetic edm track with a tension-building electronic arrangement that opens into a bright festival-sized drop. Software synthesizer and drum machine shape a sound designed for fast-paced gaming.,edm|energetic|festival build|four-on-the-floor|synth drop,fast-paced gaming|dance workouts|party peaks,software synthesizer|drum machine|sub bass|vocal chops,false,false,2020s
129,Skyline Frequency,Nova Circuit,edm,uplifting,0.94,132,0.70,0.76,0.00,Skyline Frequency by Nova Circuit is an uplifting edm track with a tension-building electronic arrangement that opens into a bright festival-sized drop. Software synthesizer and drum machine shape a sound designed for dance workouts.,edm|uplifting|festival build|four-on-the-floor|synth drop,dance workouts|party peaks|festival energy,software synthesizer|drum machine|sub bass|vocal chops,true,false,2010s
130,Afterhours Lift,Astra Phase,edm,intense,0.98,136,0.82,0.80,0.04,Afterhours Lift by Astra Phase is an intense edm track with a tension-building electronic arrangement that opens into a bright festival-sized drop. Software synthesizer and drum machine shape a sound designed for party peaks.,edm|intense|festival build|four-on-the-floor|synth drop,party peaks|festival energy|fast-paced gaming,software synthesizer|drum machine|sub bass|vocal chops,false,false,2020s
131,Pulse Together,Lumen Drop,edm,euphoric,1.00,140,0.78,0.84,0.08,Pulse Together by Lumen Drop is an euphoric edm track with a tension-building electronic arrangement that opens into a bright festival-sized drop. Software synthesizer and drum machine shape a sound designed for festival energy.,edm|euphoric|festival build|four-on-the-floor|synth drop,festival energy|fast-paced gaming|dance workouts,software synthesizer|drum machine|sub bass|vocal chops,false,false,2010s
132,Gravity Strobe,Kinetic North,edm,intense,0.84,122,0.64,0.88,0.12,Gravity Strobe by Kinetic North is an intense edm track with a tension-building electronic arrangement that opens into a bright festival-sized drop. Software synthesizer and drum machine shape a sound designed for fast-paced gaming.,edm|intense|festival build|four-on-the-floor|synth drop,fast-paced gaming|dance workouts|party peaks,software synthesizer|drum machine|sub bass|vocal chops,true,false,2020s
133,Festival Signal,Echo Array,edm,happy,0.96,134,0.68,0.92,0.16,Festival Signal by Echo Array is a happy edm track with a tension-building electronic arrangement that opens into a bright festival-sized drop. Software synthesizer and drum machine shape a sound designed for dance workouts.,edm|happy|festival build|four-on-the-floor|synth drop,dance workouts|party peaks|festival energy,software synthesizer|drum machine|sub bass|vocal chops,false,false,2010s
134,Bright Noise Forever,Nova Circuit,edm,euphoric,0.92,130,0.72,0.96,0.00,Bright Noise Forever by Nova Circuit is an euphoric edm track with a tension-building electronic arrangement that opens into a bright festival-sized drop. Software synthesizer and drum machine shape a sound designed for party peaks.,edm|euphoric|festival build|four-on-the-floor|synth drop,party peaks|festival energy|fast-paced gaming,software synthesizer|drum machine|sub bass|vocal chops,false,false,2020s
135,Kitchen Table Trouble,The Low River Band,blues,somber,0.38,74,0.43,0.42,0.66,Kitchen Table Trouble by The Low River Band is a somber blues track with weathered vocals and expressive guitar phrases grounded in an unhurried shuffle. Electric guitar and harmonica shape a sound designed for slow drives.,blues|somber|twelve-bar feel|expressive guitar|weathered vocals,slow drives|focused listening|rainy evenings,electric guitar|harmonica|upright piano|shuffle drums,false,false,1970s
136,Blue Coat Weather,Jonah Flint,blues,somber,0.42,78,0.47,0.54,0.52,Blue Coat Weather by Jonah Flint is a somber blues track with weathered vocals and expressive guitar phrases grounded in an unhurried shuffle. Electric guitar and harmonica shape a sound designed for focused listening.,blues|somber|twelve-bar feel|expressive guitar|weathered vocals,focused listening|rainy evenings|late-night reflection,electric guitar|harmonica|upright piano|shuffle drums,false,false,2020s
137,Rent Due Monday,Mercy Rail,blues,aggressive,0.46,82,0.51,0.50,0.56,Rent Due Monday by Mercy Rail is an aggressive blues track with weathered vocals and expressive guitar phrases grounded in an unhurried shuffle. Electric guitar and harmonica shape a sound designed for rainy evenings.,blues|aggressive|twelve-bar feel|expressive guitar|weathered vocals,rainy evenings|late-night reflection|slow drives,electric guitar|harmonica|upright piano|shuffle drums,false,false,1950s
138,River Took My Name,Briar James,blues,focused,0.50,86,0.33,0.36,0.60,River Took My Name by Briar James is a focused blues track with weathered vocals and expressive guitar phrases grounded in an unhurried shuffle. Electric guitar and harmonica shape a sound designed for late-night reflection.,blues|focused|twelve-bar feel|expressive guitar|weathered vocals,late-night reflection|slow drives|focused listening,electric guitar|harmonica|upright piano|shuffle drums,false,false,1970s
139,Slow Fuse Heart,Etta Clay,blues,melancholy,0.54,90,0.45,0.40,0.64,Slow Fuse Heart by Etta Clay is a melancholy blues track with weathered vocals and expressive guitar phrases grounded in an unhurried shuffle. Electric guitar and harmonica shape a sound designed for slow drives.,blues|melancholy|twelve-bar feel|expressive guitar|weathered vocals,slow drives|focused listening|rainy evenings,electric guitar|harmonica|upright piano|shuffle drums,false,false,2020s
140,Back Door Morning,The Low River Band,blues,hopeful,0.58,94,0.41,0.44,0.68,Back Door Morning by The Low River Band is a hopeful blues track with weathered vocals and expressive guitar phrases grounded in an unhurried shuffle. Electric guitar and harmonica shape a sound designed for focused listening.,blues|hopeful|twelve-bar feel|expressive guitar|weathered vocals,focused listening|rainy evenings|late-night reflection,electric guitar|harmonica|upright piano|shuffle drums,false,false,1950s
141,Tin Roof Mercy,Jonah Flint,blues,moody,0.40,76,0.27,0.48,0.72,Tin Roof Mercy by Jonah Flint is a moody blues track with weathered vocals and expressive guitar phrases grounded in an unhurried shuffle. Electric guitar and harmonica shape a sound designed for rainy evenings.,blues|moody|twelve-bar feel|expressive guitar|weathered vocals,rainy evenings|late-night reflection|slow drives,electric guitar|harmonica|upright piano|shuffle drums,false,false,1970s
142,Empty Pocket Shuffle,Mercy Rail,blues,playful,0.52,88,0.31,0.52,0.76,Empty Pocket Shuffle by Mercy Rail is a playful blues track with weathered vocals and expressive guitar phrases grounded in an unhurried shuffle. Electric guitar and harmonica shape a sound designed for late-night reflection.,blues|playful|twelve-bar feel|expressive guitar|weathered vocals,late-night reflection|slow drives|focused listening,electric guitar|harmonica|upright piano|shuffle drums,false,false,2020s
143,Tuesday Night Remedy,Briar James,blues,hopeful,0.48,84,0.35,0.56,0.58,Tuesday Night Remedy by Briar James is a hopeful blues track with weathered vocals and expressive guitar phrases grounded in an unhurried shuffle. Electric guitar and harmonica shape a sound designed for slow drives.,blues|hopeful|twelve-bar feel|expressive guitar|weathered vocals,slow drives|focused listening|rainy evenings,electric guitar|harmonica|upright piano|shuffle drums,false,false,1950s
144,Lantern in the Pines,Clara Fielding,folk,hopeful,0.35,90,0.64,0.37,0.89,Lantern in the Pines by Clara Fielding is a hopeful folk track with close-miked acoustic storytelling with natural textures and patient harmonies. Fingerpicked guitar and mandolin shape a sound designed for campfire evenings.,folk|hopeful|acoustic storytelling|close harmony|woodland warmth,campfire evenings|journaling|slow mornings,fingerpicked guitar|mandolin|upright bass|close harmonies,false,false,2010s
145,Small Town Astronomy,The Juniper Lines,folk,romantic,0.39,94,0.68,0.49,0.75,Small Town Astronomy by The Juniper Lines is a romantic folk track with close-miked acoustic storytelling with natural textures and patient harmonies. Fingerpicked guitar and mandolin shape a sound designed for journaling.,folk|romantic|acoustic storytelling|close harmony|woodland warmth,journaling|slow mornings|quiet road trips,fingerpicked guitar|mandolin|upright bass|close harmonies,false,false,2020s
146,Carry the Morning,Owen Vale,folk,focused,0.43,98,0.72,0.45,0.79,Carry the Morning by Owen Vale is a focused folk track with close-miked acoustic storytelling with natural textures and patient harmonies. Fingerpicked guitar and mandolin shape a sound designed for slow mornings.,folk|focused|acoustic storytelling|close harmony|woodland warmth,slow mornings|quiet road trips|campfire evenings,fingerpicked guitar|mandolin|upright bass|close harmonies,false,false,1960s
147,Cedar Smoke,Hearthside Atlas,folk,nostalgic,0.47,102,0.54,0.31,0.83,Cedar Smoke by Hearthside Atlas is a nostalgic folk track with close-miked acoustic storytelling with natural textures and patient harmonies. Fingerpicked guitar and mandolin shape a sound designed for quiet road trips.,folk|nostalgic|acoustic storytelling|close harmony|woodland warmth,quiet road trips|campfire evenings|journaling,fingerpicked guitar|mandolin|upright bass|close harmonies,false,false,2010s
148,Borrowed Field,Moss & Marrow,folk,happy,0.51,106,0.66,0.35,0.87,Borrowed Field by Moss & Marrow is a happy folk track with close-miked acoustic storytelling with natural textures and patient harmonies. Fingerpicked guitar and mandolin shape a sound designed for campfire evenings.,folk|happy|acoustic storytelling|close harmony|woodland warmth,campfire evenings|journaling|slow mornings,fingerpicked guitar|mandolin|upright bass|close harmonies,false,false,2020s
149,North Wind Postcard,Clara Fielding,folk,nostalgic,0.55,110,0.62,0.39,0.91,North Wind Postcard by Clara Fielding is a nostalgic folk track with close-miked acoustic storytelling with natural textures and patient harmonies. Fingerpicked guitar and mandolin shape a sound designed for journaling.,folk|nostalgic|acoustic storytelling|close harmony|woodland warmth,journaling|slow mornings|quiet road trips,fingerpicked guitar|mandolin|upright bass|close harmonies,false,false,1960s
150,Kitchen Window Hymn,The Juniper Lines,folk,relaxed,0.37,92,0.48,0.43,0.95,Kitchen Window Hymn by The Juniper Lines is a relaxed folk track with close-miked acoustic storytelling with natural textures and patient harmonies. Fingerpicked guitar and mandolin shape a sound designed for slow mornings.,folk|relaxed|acoustic storytelling|close harmony|woodland warmth,slow mornings|quiet road trips|campfire evenings,fingerpicked guitar|mandolin|upright bass|close harmonies,false,false,2010s
151,Wild Finch Road,Owen Vale,folk,hopeful,0.49,104,0.52,0.47,0.99,Wild Finch Road by Owen Vale is a hopeful folk track with close-miked acoustic storytelling with natural textures and patient harmonies. Fingerpicked guitar and mandolin shape a sound designed for quiet road trips.,folk|hopeful|acoustic storytelling|close harmony|woodland warmth,quiet road trips|campfire evenings|journaling,fingerpicked guitar|mandolin|upright bass|close harmonies,false,false,2020s
152,Where the Creek Turns,Hearthside Atlas,folk,nostalgic,0.45,100,0.56,0.51,0.81,Where the Creek Turns by Hearthside Atlas is a nostalgic folk track with close-miked acoustic storytelling with natural textures and patient harmonies. Fingerpicked guitar and mandolin shape a sound designed for campfire evenings.,folk|nostalgic|acoustic storytelling|close harmony|woodland warmth,campfire evenings|journaling|slow mornings,fingerpicked guitar|mandolin|upright bass|close harmonies,false,false,1960s
153,Call Me at Blue,Cobalt Rose,r&b,romantic,0.47,70,0.68,0.62,0.36,Call Me at Blue by Cobalt Rose is a romantic r&b track with silky vocal layers and spacious harmony riding a patient pocket. Electric piano and sub bass shape a sound designed for late-night unwinding.,r&b|romantic|silky vocals|slow groove|warm harmony,late-night unwinding|quiet connection|slow dancing,electric piano|sub bass|finger snaps|layered vocals,false,false,2010s
154,Slow Motion Honest,Theo August,r&b,relaxed,0.51,74,0.72,0.74,0.22,Slow Motion Honest by Theo August is a relaxed r&b track with silky vocal layers and spacious harmony riding a patient pocket. Electric piano and sub bass shape a sound designed for quiet connection.,r&b|relaxed|silky vocals|slow groove|warm harmony,quiet connection|slow dancing|date-night ambience,electric piano|sub bass|finger snaps|layered vocals,false,false,2020s
155,After the Last Train,Luna Saye,r&b,romantic,0.55,78,0.76,0.70,0.26,After the Last Train by Luna Saye is a romantic r&b track with silky vocal layers and spacious harmony riding a patient pocket. Electric piano and sub bass shape a sound designed for slow dancing.,r&b|romantic|silky vocals|slow groove|warm harmony,slow dancing|date-night ambience|late-night unwinding,electric piano|sub bass|finger snaps|layered vocals,false,false,1990s
156,Honeyed Silence,The Velvet Standard,r&b,romantic,0.59,82,0.58,0.56,0.30,Honeyed Silence by The Velvet Standard is a romantic r&b track with silky vocal layers and spacious harmony riding a patient pocket. Electric piano and sub bass shape a sound designed for date-night ambience.,r&b|romantic|silky vocals|slow groove|warm harmony,date-night ambience|late-night unwinding|quiet connection,electric piano|sub bass|finger snaps|layered vocals,false,false,2010s
157,Room for Two,Imani Vale,r&b,energetic,0.63,86,0.70,0.60,0.34,Room for Two by Imani Vale is an energetic r&b track with silky vocal layers and spacious harmony riding a patient pocket. Electric piano and sub bass shape a sound designed for late-night unwinding.,r&b|energetic|silky vocals|slow groove|warm harmony,late-night unwinding|quiet connection|slow dancing,electric piano|sub bass|finger snaps|layered vocals,false,false,2020s
158,Soft Focus Truth,Cobalt Rose,r&b,romantic,0.67,90,0.66,0.64,0.38,Soft Focus Truth by Cobalt Rose is a romantic r&b track with silky vocal layers and spacious harmony riding a patient pocket. Electric piano and sub bass shape a sound designed for quiet connection.,r&b|romantic|silky vocals|slow groove|warm harmony,quiet connection|slow dancing|date-night ambience,electric piano|sub bass|finger snaps|layered vocals,false,true,1990s
159,Sunday Night Signal,Theo August,r&b,focused,0.49,72,0.52,0.68,0.42,Sunday Night Signal by Theo August is a focused r&b track with silky vocal layers and spacious harmony riding a patient pocket. Electric piano and sub bass shape a sound designed for slow dancing.,r&b|focused|silky vocals|slow groove|warm harmony,slow dancing|date-night ambience|late-night unwinding,electric piano|sub bass|finger snaps|layered vocals,false,false,2010s
160,Warm Side of Midnight,Luna Saye,r&b,happy,0.61,84,0.56,0.72,0.46,Warm Side of Midnight by Luna Saye is a happy r&b track with silky vocal layers and spacious harmony riding a patient pocket. Electric piano and sub bass shape a sound designed for date-night ambience.,r&b|happy|silky vocals|slow groove|warm harmony,date-night ambience|late-night unwinding|quiet connection,electric piano|sub bass|finger snaps|layered vocals,false,false,2020s
161,Stay Until the Rain,The Velvet Standard,r&b,melancholy,0.57,80,0.60,0.76,0.28,Stay Until the Rain by The Velvet Standard is a melancholy r&b track with silky vocal layers and spacious harmony riding a patient pocket. Electric piano and sub bass shape a sound designed for late-night unwinding.,r&b|melancholy|silky vocals|slow groove|warm harmony,late-night unwinding|quiet connection|slow dancing,electric piano|sub bass|finger snaps|layered vocals,false,false,1990s
162,The Get-Down Clause,The Brass Habit,funk,energetic,0.71,102,0.88,0.84,0.17,The Get-Down Clause by The Brass Habit is an energetic funk track with a rubbery bass pocket and clipped rhythm guitar accented by bright brass. Slap bass and rhythm guitar shape a sound designed for party arrivals.,funk|energetic|syncopated bass|brass punches|dance-floor pocket,party arrivals|cooking with friends|mood boosts,slap bass|rhythm guitar|horn section|tight drums,false,false,1990s
163,Mustard Jacket,Velvet Sidewalk,funk,happy,0.75,106,0.92,0.96,0.03,Mustard Jacket by Velvet Sidewalk is a happy funk track with a rubbery bass pocket and clipped rhythm guitar accented by bright brass. Slap bass and rhythm guitar shape a sound designed for cooking with friends.,funk|happy|syncopated bass|brass punches|dance-floor pocket,cooking with friends|mood boosts|dance breaks,slap bass|rhythm guitar|horn section|tight drums,false,false,2020s
164,Groove Receipt,Solar Mustache,funk,playful,0.79,110,0.96,0.92,0.07,Groove Receipt by Solar Mustache is a playful funk track with a rubbery bass pocket and clipped rhythm guitar accented by bright brass. Slap bass and rhythm guitar shape a sound designed for mood boosts.,funk|playful|syncopated bass|brass punches|dance-floor pocket,mood boosts|dance breaks|party arrivals,slap bass|rhythm guitar|horn section|tight drums,false,false,1970s
165,Elevator Boogie,Rhythm Department,funk,energetic,0.83,114,0.78,0.78,0.11,Elevator Boogie by Rhythm Department is an energetic funk track with a rubbery bass pocket and clipped rhythm guitar accented by bright brass. Slap bass and rhythm guitar shape a sound designed for dance breaks.,funk|energetic|syncopated bass|brass punches|dance-floor pocket,dance breaks|party arrivals|cooking with friends,slap bass|rhythm guitar|horn section|tight drums,false,false,1990s
166,Fresh Socks Friday,Professor Pocket,funk,happy,0.87,118,0.90,0.82,0.15,Fresh Socks Friday by Professor Pocket is a happy funk track with a rubbery bass pocket and clipped rhythm guitar accented by bright brass. Slap bass and rhythm guitar shape a sound designed for party arrivals.,funk|happy|syncopated bass|brass punches|dance-floor pocket,party arrivals|cooking with friends|mood boosts,slap bass|rhythm guitar|horn section|tight drums,true,false,2020s
167,Turn Signal Funk,The Brass Habit,funk,relaxed,0.91,122,0.86,0.86,0.19,Turn Signal Funk by The Brass Habit is a relaxed funk track with a rubbery bass pocket and clipped rhythm guitar accented by bright brass. Slap bass and rhythm guitar shape a sound designed for cooking with friends.,funk|relaxed|syncopated bass|brass punches|dance-floor pocket,cooking with friends|mood boosts|dance breaks,slap bass|rhythm guitar|horn section|tight drums,false,false,1970s
168,Basement Roller,Velvet Sidewalk,funk,euphoric,0.73,104,0.72,0.90,0.23,Basement Roller by Velvet Sidewalk is an euphoric funk track with a rubbery bass pocket and clipped rhythm guitar accented by bright brass. Slap bass and rhythm guitar shape a sound designed for mood boosts.,funk|euphoric|syncopated bass|brass punches|dance-floor pocket,mood boosts|dance breaks|party arrivals,slap bass|rhythm guitar|horn section|tight drums,false,false,1990s
169,Good Foot Forecast,Solar Mustache,funk,energetic,0.85,116,0.76,0.94,0.27,Good Foot Forecast by Solar Mustache is an energetic funk track with a rubbery bass pocket and clipped rhythm guitar accented by bright brass. Slap bass and rhythm guitar shape a sound designed for dance breaks.,funk|energetic|syncopated bass|brass punches|dance-floor pocket,dance breaks|party arrivals|cooking with friends,slap bass|rhythm guitar|horn section|tight drums,false,false,2020s
170,One More Strut,Rhythm Department,funk,playful,0.81,112,0.80,0.98,0.09,One More Strut by Rhythm Department is a playful funk track with a rubbery bass pocket and clipped rhythm guitar accented by bright brass. Slap bass and rhythm guitar shape a sound designed for party arrivals.,funk|playful|syncopated bass|brass punches|dance-floor pocket,party arrivals|cooking with friends|mood boosts,slap bass|rhythm guitar|horn section|tight drums,false,false,1970s
171,Open Door Rhythm,Civic Groove,house,uplifting,0.70,112,0.73,1.00,0.12,Open Door Rhythm by Civic Groove is an uplifting house track with a steady four-on-the-floor pulse with warm keys and a communal club lift. Drum machine and piano stabs shape a sound designed for dance floors.,house|uplifting|four-on-the-floor|piano stabs|club groove,dance floors|cardio sessions|sunset gatherings,drum machine|piano stabs|synth bass|vocal samples,false,false,1990s
172,Warehouse Sunrise,Mara Loop,house,focused,0.74,116,0.77,0.85,0.08,Warehouse Sunrise by Mara Loop is a focused house track with a steady four-on-the-floor pulse with warm keys and a communal club lift. Drum machine and piano stabs shape a sound designed for cardio sessions.,house|focused|four-on-the-floor|piano stabs|club groove,cardio sessions|sunset gatherings|late-night focus,drum machine|piano stabs|synth bass|vocal samples,true,false,2010s
173,Deep End Dancing,The Four Count,house,energetic,0.78,120,0.81,0.97,0.00,Deep End Dancing by The Four Count is an energetic house track with a steady four-on-the-floor pulse with warm keys and a communal club lift. Drum machine and piano stabs shape a sound designed for sunset gatherings.,house|energetic|four-on-the-floor|piano stabs|club groove,sunset gatherings|late-night focus|dance floors,drum machine|piano stabs|synth bass|vocal samples,false,false,2020s
174,Sunday Floor,Velvet Transit,house,happy,0.82,124,0.85,0.93,0.00,Sunday Floor by Velvet Transit is a happy house track with a steady four-on-the-floor pulse with warm keys and a communal club lift. Drum machine and piano stabs shape a sound designed for late-night focus.,house|happy|four-on-the-floor|piano stabs|club groove,late-night focus|dance floors|cardio sessions,drum machine|piano stabs|synth bass|vocal samples,false,false,1990s
175,Motion in Blue,Common Room DJ,house,euphoric,0.86,128,0.67,0.79,0.02,Motion in Blue by Common Room DJ is an euphoric house track with a steady four-on-the-floor pulse with warm keys and a communal club lift. Drum machine and piano stabs shape a sound designed for dance floors.,house|euphoric|four-on-the-floor|piano stabs|club groove,dance floors|cardio sessions|sunset gatherings,drum machine|piano stabs|synth bass|vocal samples,true,false,2010s
176,Keys After Midnight,Civic Groove,house,focused,0.90,132,0.79,0.83,0.06,Keys After Midnight by Civic Groove is a focused house track with a steady four-on-the-floor pulse with warm keys and a communal club lift. Drum machine and piano stabs shape a sound designed for cardio sessions.,house|focused|four-on-the-floor|piano stabs|club groove,cardio sessions|sunset gatherings|late-night focus,drum machine|piano stabs|synth bass|vocal samples,false,false,2020s
177,Common Pulse,Mara Loop,house,uplifting,0.94,136,0.75,0.87,0.10,Common Pulse by Mara Loop is an uplifting house track with a steady four-on-the-floor pulse with warm keys and a communal club lift. Drum machine and piano stabs shape a sound designed for sunset gatherings.,house|uplifting|four-on-the-floor|piano stabs|club groove,sunset gatherings|late-night focus|dance floors,drum machine|piano stabs|synth bass|vocal samples,false,false,1990s
178,Terrace Lights,The Four Count,house,energetic,0.76,118,0.61,0.91,0.14,Terrace Lights by The Four Count is an energetic house track with a steady four-on-the-floor pulse with warm keys and a communal club lift. Drum machine and piano stabs shape a sound designed for late-night focus.,house|energetic|four-on-the-floor|piano stabs|club groove,late-night focus|dance floors|cardio sessions,drum machine|piano stabs|synth bass|vocal samples,true,false,2010s
179,Stay in the Groove,Velvet Transit,house,happy,0.88,130,0.65,0.95,0.18,Stay in the Groove by Velvet Transit is a happy house track with a steady four-on-the-floor pulse with warm keys and a communal club lift. Drum machine and piano stabs shape a sound designed for dance floors.,house|happy|four-on-the-floor|piano stabs|club groove,dance floors|cardio sessions|sunset gatherings,drum machine|piano stabs|synth bass|vocal samples,false,false,2020s
180,Morning Comes in Four,Common Room DJ,house,intense,0.84,126,0.69,0.99,0.00,Morning Comes in Four by Common Room DJ is an intense house track with a steady four-on-the-floor pulse with warm keys and a communal club lift. Drum machine and piano stabs shape a sound designed for cardio sessions.,house|intense|four-on-the-floor|piano stabs|club groove,cardio sessions|sunset gatherings|late-night focus,drum machine|piano stabs|synth bass|vocal samples,false,false,1990s
181,Hold the Light,Amara Wells,soul,romantic,0.50,74,0.72,0.75,0.52,Hold the Light by Amara Wells is a romantic soul track with expressive lead vocals framed by gospel harmony and a warm live-band pocket. Hammond organ and horn section shape a sound designed for slow Sunday mornings.,soul|romantic|gospel harmony|expressive vocals|vintage warmth,slow sunday mornings|meaningful gatherings|romantic dinners,hammond organ|horn section|electric bass|gospel choir,false,false,1960s
182,Sunday Best Heart,The Kindred Sound,soul,uplifting,0.54,78,0.76,0.57,0.48,Sunday Best Heart by The Kindred Sound is an uplifting soul track with expressive lead vocals framed by gospel harmony and a warm live-band pocket. Hammond organ and horn section shape a sound designed for meaningful gatherings.,soul|uplifting|gospel harmony|expressive vocals|vintage warmth,meaningful gatherings|romantic dinners|restorative listening,hammond organ|horn section|electric bass|gospel choir,false,false,1970s
183,A Little More Mercy,Leon Harbor,soul,romantic,0.58,82,0.80,0.69,0.34,A Little More Mercy by Leon Harbor is a romantic soul track with expressive lead vocals framed by gospel harmony and a warm live-band pocket. Hammond organ and horn section shape a sound designed for romantic dinners.,soul|romantic|gospel harmony|expressive vocals|vintage warmth,romantic dinners|restorative listening|slow sunday mornings,hammond organ|horn section|electric bass|gospel choir,false,false,2020s
184,Golden Hour Promise,Ruby Maren,soul,happy,0.62,86,0.84,0.65,0.38,Golden Hour Promise by Ruby Maren is a happy soul track with expressive lead vocals framed by gospel harmony and a warm live-band pocket. Hammond organ and horn section shape a sound designed for restorative listening.,soul|happy|gospel harmony|expressive vocals|vintage warmth,restorative listening|slow sunday mornings|meaningful gatherings,hammond organ|horn section|electric bass|gospel choir,false,false,1960s
185,Truth in Your Hands,South Street Assembly,soul,romantic,0.66,90,0.66,0.51,0.42,Truth in Your Hands by South Street Assembly is a romantic soul track with expressive lead vocals framed by gospel harmony and a warm live-band pocket. Hammond organ and horn section shape a sound designed for slow Sunday mornings.,soul|romantic|gospel harmony|expressive vocals|vintage warmth,slow sunday mornings|meaningful gatherings|romantic dinners,hammond organ|horn section|electric bass|gospel choir,false,false,1970s
186,Home in the Chorus,Amara Wells,soul,happy,0.70,94,0.78,0.55,0.46,Home in the Chorus by Amara Wells is a happy soul track with expressive lead vocals framed by gospel harmony and a warm live-band pocket. Hammond organ and horn section shape a sound designed for meaningful gatherings.,soul|happy|gospel harmony|expressive vocals|vintage warmth,meaningful gatherings|romantic dinners|restorative listening,hammond organ|horn section|electric bass|gospel choir,false,false,2020s
187,Good Love Returning,The Kindred Sound,soul,romantic,0.74,98,0.74,0.59,0.50,Good Love Returning by The Kindred Sound is a romantic soul track with expressive lead vocals framed by gospel harmony and a warm live-band pocket. Hammond organ and horn section shape a sound designed for romantic dinners.,soul|romantic|gospel harmony|expressive vocals|vintage warmth,romantic dinners|restorative listening|slow sunday mornings,hammond organ|horn section|electric bass|gospel choir,false,false,1960s
188,Carry Me Kindly,Leon Harbor,soul,hopeful,0.56,80,0.60,0.63,0.54,Carry Me Kindly by Leon Harbor is a hopeful soul track with expressive lead vocals framed by gospel harmony and a warm live-band pocket. Hammond organ and horn section shape a sound designed for restorative listening.,soul|hopeful|gospel harmony|expressive vocals|vintage warmth,restorative listening|slow sunday mornings|meaningful gatherings,hammond organ|horn section|electric bass|gospel choir,false,false,1970s
189,Window Full of Morning,Ruby Maren,soul,happy,0.68,92,0.64,0.67,0.58,Window Full of Morning by Ruby Maren is a happy soul track with expressive lead vocals framed by gospel harmony and a warm live-band pocket. Hammond organ and horn section shape a sound designed for slow Sunday mornings.,soul|happy|gospel harmony|expressive vocals|vintage warmth,slow sunday mornings|meaningful gatherings|romantic dinners,hammond organ|horn section|electric bass|gospel choir,false,false,2020s
190,Still We Rise,South Street Assembly,soul,euphoric,0.64,88,0.68,0.71,0.40,Still We Rise by South Street Assembly is an euphoric soul track with expressive lead vocals framed by gospel harmony and a warm live-band pocket. Hammond organ and horn section shape a sound designed for meaningful gatherings.,soul|euphoric|gospel harmony|expressive vocals|vintage warmth,meaningful gatherings|romantic dinners|restorative listening,hammond organ|horn section|electric bass|gospel choir,false,false,1960s
191,Borrowed Megaphone,The Loose Bolts,punk,aggressive,0.77,154,0.50,0.59,0.12,Borrowed Megaphone by The Loose Bolts is an aggressive punk track with fast overdriven chords and shouted hooks delivered with unpolished momentum. Overdriven guitar and pick bass shape a sound designed for skate sessions.,punk|aggressive|fast guitars|shouted hooks|raw momentum,skate sessions|cathartic commutes|fast workouts,overdriven guitar|pick bass|fast drums|shouted vocals,false,false,1970s
192,Three Chords Late,Curbside Static,punk,intense,0.81,158,0.54,0.41,0.08,Three Chords Late by Curbside Static is an intense punk track with fast overdriven chords and shouted hooks delivered with unpolished momentum. Overdriven guitar and pick bass shape a sound designed for cathartic commutes.,punk|intense|fast guitars|shouted hooks|raw momentum,cathartic commutes|fast workouts|garage energy,overdriven guitar|pick bass|fast drums|shouted vocals,false,false,1990s
193,No Permission Slip,Minor Emergency,punk,aggressive,0.85,162,0.58,0.53,0.00,No Permission Slip by Minor Emergency is an aggressive punk track with fast overdriven chords and shouted hooks delivered with unpolished momentum. Overdriven guitar and pick bass shape a sound designed for fast workouts.,punk|aggressive|fast guitars|shouted hooks|raw momentum,fast workouts|garage energy|skate sessions,overdriven guitar|pick bass|fast drums|shouted vocals,false,true,2020s
194,Basement Deadline,Paper Barricade,punk,aggressive,0.89,166,0.62,0.49,0.00,Basement Deadline by Paper Barricade is an aggressive punk track with fast overdriven chords and shouted hooks delivered with unpolished momentum. Overdriven guitar and pick bass shape a sound designed for garage energy.,punk|aggressive|fast guitars|shouted hooks|raw momentum,garage energy|skate sessions|cathartic commutes,overdriven guitar|pick bass|fast drums|shouted vocals,false,false,1970s
195,Cheap Coffee Revolt,Lunch Break Riot,punk,moody,0.93,170,0.44,0.35,0.02,Cheap Coffee Revolt by Lunch Break Riot is a moody punk track with fast overdriven chords and shouted hooks delivered with unpolished momentum. Overdriven guitar and pick bass shape a sound designed for skate sessions.,punk|moody|fast guitars|shouted hooks|raw momentum,skate sessions|cathartic commutes|fast workouts,overdriven guitar|pick bass|fast drums|shouted vocals,false,false,1990s
196,Exit Through the Fence,The Loose Bolts,punk,intense,0.97,174,0.56,0.39,0.06,Exit Through the Fence by The Loose Bolts is an intense punk track with fast overdriven chords and shouted hooks delivered with unpolished momentum. Overdriven guitar and pick bass shape a sound designed for cathartic commutes.,punk|intense|fast guitars|shouted hooks|raw momentum,cathartic commutes|fast workouts|garage energy,overdriven guitar|pick bass|fast drums|shouted vocals,false,true,2020s
197,Loud Enough Now,Curbside Static,punk,aggressive,1.00,178,0.52,0.43,0.10,Loud Enough Now by Curbside Static is an aggressive punk track with fast overdriven chords and shouted hooks delivered with unpolished momentum. Overdriven guitar and pick bass shape a sound designed for fast workouts.,punk|aggressive|fast guitars|shouted hooks|raw momentum,fast workouts|garage energy|skate sessions,overdriven guitar|pick bass|fast drums|shouted vocals,false,false,1970s
198,Rules in the Rain,Minor Emergency,punk,energetic,0.83,160,0.38,0.47,0.14,Rules in the Rain by Minor Emergency is an energetic punk track with fast overdriven chords and shouted hooks delivered with unpolished momentum. Overdriven guitar and pick bass shape a sound designed for garage energy.,punk|energetic|fast guitars|shouted hooks|raw momentum,garage energy|skate sessions|cathartic commutes,overdriven guitar|pick bass|fast drums|shouted vocals,false,false,1990s
199,Fast Forward Failure,Paper Barricade,punk,playful,0.95,172,0.42,0.51,0.18,Fast Forward Failure by Paper Barricade is a playful punk track with fast overdriven chords and shouted hooks delivered with unpolished momentum. Overdriven guitar and pick bass shape a sound designed for skate sessions.,punk|playful|fast guitars|shouted hooks|raw momentum,skate sessions|cathartic commutes|fast workouts,overdriven guitar|pick bass|fast drums|shouted vocals,false,true,2020s
200,Start Again Screaming,Lunch Break Riot,punk,intense,0.91,168,0.46,0.55,0.00,Start Again Screaming by Lunch Break Riot is an intense punk track with fast overdriven chords and shouted hooks delivered with unpolished momentum. Overdriven guitar and pick bass shape a sound designed for cathartic commutes.,punk|intense|fast guitars|shouted hooks|raw momentum,cathartic commutes|fast workouts|garage energy,overdriven guitar|pick bass|fast drums|shouted vocals,false,false,1970s
